LEFT,RIGHT,GAS,BRAKE
2.519999999999999929e+01,2.560000000000000142e+01,2.739999999999999858e+01,2.510000000000000142e+01
