FIRE LEFT,FIRE RIGHT,FIRE MAIN
7.958272730509439441e+01,9.620883483886719034e+01,7.836732203165689725e+01,0.000000000000000000e+00
