FIRE LEFT,FIRE RIGHT,FIRE MAIN
1.776680300394694143e+02,6.069747746785481723e+01,8.089463806152343750e+01,0.000000000000000000e+00
