LEFT,RIGHT,MAIN,RIGHT
1.763409825642903570e+02,7.878659273783365791e+01,8.217556610107422443e+01,0.000000000000000000e+00
