LEFT HIP,LEFT KNEE,RIGHT HIP,RIGHT KNEE
2.037590209960937500e+03,2.100965576171875000e+03,2.080279296875000000e+03,2.074497070312500000e+03
