LEFT HIP,LEFT KNEE,RIGHT HIP,RIGHT KNEE
8.519468994140625000e+02,8.572392578125000000e+02,8.478123779296875000e+02,8.425704345703125000e+02
