LEFT HIP,LEFT KNEE,RIGHT HIP,RIGHT KNEE
9.025474853515625000e+02,1.024381469726562500e+03,8.679581909179687500e+02,9.859968261718750000e+02
