LEFT,RIGHT,GAS,BRAKE
1.275999999999999943e+02,1.250000000000000000e+02,3.786999999999999886e+02,1.180999999999999943e+02
