LEFT,RIGHT,GAS,BRAKE
7.220000000000000284e+01,1.435000000000000000e+02,2.373000000000000114e+02,7.950000000000000000e+01
