LEFT,RIGHT,MAIN,RIGHT
2.039999999999999858e+01,2.960000000000000142e+01,6.740000000000000568e+01,2.860000000000000142e+01
