LEFT,RIGHT,MAIN,RIGHT
5.620833129882812500e+02,5.250371704101562500e+02,7.607905273437500000e+02,1.050172348022460938e+02
