LEFT,RIGHT,MAIN,RIGHT
3.840948181152343750e+02,3.804407653808593750e+02,5.109431152343750000e+02,7.104355621337890625e+01
