LEFT,RIGHT,MAIN,RIGHT
1.692834293365478402e+02,6.345553169250488423e+01,8.047321701049804688e+01,0.000000000000000000e+00
