LEFT,RIGHT,MAIN,RIGHT
9.324848031997680309e+00,6.240854840278625204e+01,6.864498023986816122e+01,0.000000000000000000e+00
