LEFT,RIGHT,MAIN,RIGHT
2.726888244628906364e+02,2.801316955566406364e+02,3.182947021484375227e+02,0.000000000000000000e+00
