LEFT,RIGHT,GAS,BRAKE
4.726472778320312500e+02,6.851895751953125000e+02,5.858483276367187500e+02,4.442960205078125000e+02
