LEFT,RIGHT,MAIN,RIGHT
5.741898803710937500e+02,3.615475158691406250e+02,7.874233398437500000e+02,1.000216674804687500e+02
