LEFT,RIGHT,GAS,BRAKE
2.391921691894531250e+02,1.817042999267578125e+02,2.397832946777343750e+02,1.367788219451904297e+01
