FIRE LEFT,FIRE RIGHT,FIRE MAIN
1.525862085978190237e+02,1.856661763509114564e+02,1.417928665161132926e+02,0.000000000000000000e+00
