FIRE LEFT,FIRE RIGHT,FIRE MAIN
9.141623891194662122e+01,7.355834782918294934e+01,1.126100290934244725e+02,0.000000000000000000e+00
