LEFT,RIGHT,MAIN,RIGHT
1.669516148885091127e+02,1.526307088216145758e+02,1.776154576619466070e+02,0.000000000000000000e+00
