LEFT,RIGHT,GAS,BRAKE
8.125797729492187500e+02,2.471459960937500000e+02,1.503659545898437500e+03,4.246624145507812500e+02
