LEFT,RIGHT,GAS,BRAKE
7.564821777343750000e+02,2.775732421875000000e+02,1.571410522460937500e+03,4.320856628417968750e+02
