LEFT,RIGHT,GAS,BRAKE
7.490799560546875000e+02,2.840270385742187500e+02,1.553538330078125000e+03,4.303619079589843750e+02
