LEFT,RIGHT,MAIN,RIGHT
9.779550781250000000e+02,7.909888916015625000e+02,9.584700317382812500e+02,7.303941650390625000e+02
