LEFT,RIGHT,MAIN,RIGHT
6.187382202148437500e+02,1.823366851806640625e+02,1.199175170898437500e+03,3.371074829101562500e+02
