LEFT,RIGHT,MAIN,RIGHT
7.885242919921875000e+02,6.293275146484375000e+02,7.433745117187500000e+02,5.986238403320312500e+02
