LEFT,RIGHT,MAIN,RIGHT
5.597480773925781250e+01,1.027639560699462891e+02,9.852299499511718750e+01,0.000000000000000000e+00
