LEFT,RIGHT,MAIN,RIGHT
7.293461627960205362e+01,4.123712959289550639e+01,1.110705070495605469e+02,0.000000000000000000e+00
