LEFT,RIGHT,MAIN,RIGHT
2.400000000000000000e+01,3.119999999999999929e+01,3.039999999999999858e+01,3.080000000000000071e+01
