LEFT,RIGHT,MAIN,RIGHT
1.445165069580078239e+02,1.410034637451171875e+02,2.387215759277343636e+02,0.000000000000000000e+00
