LEFT,RIGHT,MAIN,RIGHT
1.332040939331054688e+02,1.581043548583984375e+02,1.487537780761718693e+02,0.000000000000000000e+00
