LEFT HIP,LEFT KNEE,RIGHT HIP,RIGHT KNEE
4.996691284179687500e+02,5.736477661132812500e+02,5.539957885742187500e+02,5.957468872070312500e+02
