LEFT HIP,LEFT KNEE,RIGHT HIP,RIGHT KNEE
4.616465454101562500e+02,4.701813659667968750e+02,4.417832031250000000e+02,4.737277221679687500e+02
