LEFT HIP,LEFT KNEE,RIGHT HIP,RIGHT KNEE
2.696856079101562500e+02,2.461311340332031250e+02,3.181095275878906250e+02,3.881087951660156250e+02
